01.01.;lv;Laimnesis Solvita Solvija
01.01.;lt;Mečislovas Eufrozina Mečys Eufrozija Arvaidė Arvaidas
01.01.;ee;Algo Alo Esmo Uno Uuno
01.02.;lv;Indulis Ivo Iva Ivis
01.02.;lt;Bazilijus Grigalius Gailutė Fulgentas Stefanija Mažvydas
01.02.;ee;Algi Esme Esmi
01.03.;lv;Miervaldis Miervalda Ringolds
01.03.;lt;Vida Vyda Viltautas Genovaitė
01.03.;ee;Gerhard Gert Keerdo Kert
01.04.;lv;Spodra Ilva Ilvita
01.04.;lt;Benas Arminė Andželika Anželika Arminas Arimantas Arimantė Titas Benediktas
01.04.;ee;Ruth Rutt
01.05.;lv;Sīmanis Zintis
01.05.;lt;Gaudentas Telesforas Simas Simonas Vytautė Vytautas
01.05.;ee;Lea Leana Liia
01.06.;lv;Spulga Arnita
01.06.;lt;Melchioras Arūnė Arūnas Merkelis Kasparas Baltazaras
01.06.;ee;Aabel Aabi Aabo Aap Aapo
01.07.;lv;Rota Zigmārs Juliāns Digmārs
01.07.;lt;Raimundas Valentinas Rūtenis Raudvilė Liucijus
01.07.;ee;Hirvo Kanut Nuut Susi
01.08.;lv;Gatis Ivanda
01.08.;lt;Teofilius Vilintas Teofilis Severinas Gintė Apolinaras
01.08.;ee;Gunnar Kunder Kunnar
01.09.;lv;Kaspars Aksels Alta
01.09.;lt;Julijonas Algis Bazilė Gabija Marcijona
01.09.;ee;Väiko Veigo Veiko Veli Veljo Vello Velvo Venda Vendo Venno
01.10.;lv;Tatjana Dorisa
01.10.;lt;Agatonas Vilhelmas Ginvilas Ginvilė Vilius
01.10.;ee;Talva Talve Talvi
01.11.;lv;Smaida Franciska
01.11.;lt;Palemonas Marcijonas Stefanija Vilnė Audrius
01.11.;ee;Osvald Ove
01.12.;lv;Reinis Reina Reinholds Renāts
01.12.;lt;Cezaris Cezarė Cezarijus Ernestas Arkadijus Vaigedas Cezarija Lingailė
01.12.;ee;Ande Antonia Tooni
01.13.;lv;Harijs Ārijs Āris Aira
01.13.;lt;Vera Hiliaras Gilvydė Veronika Dargaudas Iveta Raimonda
01.13.;ee;Hillar Hillo Illar Illart Illo
01.14.;lv;Roberts Roberta Raitis Raits
01.14.;lt;Lilija Laimis Feliksas Teodozijus Auksė Hilarijus
01.14.;ee;Feliks Õnneleid
01.15.;lv;Fēlikss Felicita
01.15.;lt;Povilas Meda Skirgaila Paulius Snieguolė
01.15.;ee;Salve Salvi Sõlmi
01.16.;lv;Lidija Lida
01.16.;lt;Norgailė Marcelis Norgailas
01.16.;ee;Illimar Ilmar Ilmo
01.17.;lv;Tenis Dravis
01.17.;lt;Dovainis Antanas Leonilė Vilda
01.17.;ee;Anto Anton Antu Hando Tõnis Tõnn Tõnno Tõnu
01.18.;lv;Antons Antis Antonijs
01.18.;lt;Liberta Jolita Gedgaudas Jogailė
01.18.;ee;Lauli Laura
01.19.;lv;Andulis Alnis
01.19.;lt;Marijus Morta Raivedys Gedvilė Marius Kanutas
01.19.;ee;Enn Enno Eno Heigo Heik Heiki Heiko Heino Hendrik Henn Henno Henri Henrik
01.20.;lv;Oļģerts Orests Aļģirds Aļģis
01.20.;lt;Daugvydas Fabijonas Nomeda Sebastijonas
01.20.;ee;Hendrika Henna Henni Henriette Jete
01.21.;lv;Agnese Agnija Agne
01.21.;lt;Ina Agnietė Ineta Ineza Inesa Garsė Galiginas
01.21.;ee;Age Agi Agne Agnes Agneta Aune Auni Ines Neta
01.22.;lv;Austris
01.22.;lt;Anastazas Skaistė Vincentas Gaudentas Džiugas Aušrius Vincas
01.22.;ee;Luule Luuli
01.23.;lv;Grieta Strauta Rebeka
01.23.;lt;Raimundas Gunda Gailigedas Armandas
01.23.;ee;Räni Reeno Rene
01.24.;lv;Krišs Ksenija Eglons Egle
01.24.;lt;Felicija Gaivilė Artūras Vilgaudas Pranciškus
01.24.;ee;Naima Naimi
01.25.;lv;Zigurds Sigurds Sigvards
01.25.;lt;Žiedė Povilas Viltenis Paulius
01.25.;ee;Paap Paavel Paavo Paul
01.26.;lv;Ansis Agnis Agneta
01.26.;lt;Timotiejus Titas Rimantas Justas Paulė Frėjus Frėja Eigilė Rimas
01.26.;ee;Ulve Ulvi
01.27.;lv;Ilze Ildze Izolde
01.27.;lt;Anelė Angelė Jogundas Jogundė Natalis Ilona
01.27.;ee;Vilja Vilje
01.28.;lv;Kārlis Spodris
01.28.;lt;Leonidas Nijolė Manfredas Gedautas Tomas
01.28.;ee;Kaarel Kaarli Kaaro Kalle Karel Karl Karli Karro
01.29.;lv;Aivars Valērijs Bille
01.29.;lt;Aivaras Girkantas Žibutė Valerijus
01.29.;ee;Valmo Valter
01.30.;lv;Tīna Valentīna Pārsla
01.30.;lt;Ipolitas Hiacinta Liuda Liudvika Banguolė Martė Milgaudas Martyna Jacinta
01.30.;ee;Irja Irje Jürja Jürje
01.31.;lv;Tekla Violeta
01.31.;lt;Luiza Marcelė Skirmantas Liudvika Budvilė Skirmantė
01.31.;ee;Meeland Meelik Meelis Meelit Meelitu Meelo Meelu
02.01.;lv;Brigita Indra Indars Indris
02.01.;lt;Pijonijus Gytautas Eidvilė Ignotas Brigita
02.01.;ee;Birgit Birgitta Gita Piret Pireta Pirja Pirje
02.02.;lv;Spīdola Sonora
02.02.;lt;Orintas Orinta Oreta Oretas Valdonė Rytis Kandidas Valdas Valdemaras Vandenė Rytys
02.02.;ee;Leegi Säde
02.03.;lv;Aīda Ida Vida
02.03.;lt;Asta Blažys Oskaras Blažiejus Radvilas Radvilė
02.03.;ee;Hubert Hugo Huko
02.04.;lv;Daila Veronika Dominiks
02.04.;lt;Vydmantas Andriejus Joana Vidmantas Andrius Arvilė
02.04.;ee;Arma Armi Armiida Meida Miida
02.05.;lv;Agate Selga Silga Sinilga
02.05.;lt;Birutė Agota Gaudvinas
02.05.;ee;Aet Agaate Aita Ita Iti
02.06.;lv;Dace Dārta Dora Daris
02.06.;lt;Urtė Rona Povilas Živilė Roneta Dorotėja Dorotas Oksana Paulius Titas Alkis Žyvilė Darata
02.06.;ee;Doora Doris Dorotea Tea Thea
02.07.;lv;Nelda Rihards Ričards Rišards
02.07.;lt;Jomantė Ričardas Vildaugas Vilgirdas Vilgirdė Romualdas
02.07.;ee;Richard Riho Riko Riku
02.08.;lv;Aldona Česlavs
02.08.;lt;Aldona Dromantas Jeronimas Daugvilė Saliamonas Honorata Salys
02.08.;ee;Taalo Tali Talis Talvo
02.09.;lv;Simona Apolonija
02.09.;lt;Algė Joviltas Polė Erika Apolonija Erikas Marijus
02.09.;ee;Mehis Mehto
02.10.;lv;Paulīne Paula Jasmīna
02.10.;lt;Girvydas Vydgailė Gabrielius Elvyra Skolė Skolastika
02.10.;ee;Ella Elle Ellen Elli Ellu
02.11.;lv;Laima Laimdota
02.11.;lt;Algirdė Liucijus Adolfas Evelina Teodora Algirdas
02.11.;ee;Teri Terje
02.12.;lv;Karlīna Līna
02.12.;lt;Deimantas Eulalija Deimantė Mantminas Reginaldas Benediktas
02.12.;ee;Alma Alme Elma Elme Elmi
02.13.;lv;Malda Melita
02.13.;lt;Algaudas Kotryna Ugnė Benignas
02.13.;ee;Eke Ike Iko
02.14.;lv;Valentīns
02.14.;lt;Lijana Saulė Liliana Valius Saulius Kirilas Valentinas
02.14.;ee;Valentin Valjo Valju Valle Vallo Vallot Vallut
02.15.;lv;Alvils Olafs Aloizs Olavs
02.15.;lt;Jurgina Vytis Jovita Girdenė Girdenis Zygfridas Jurgita Jordanas Faustinas
02.15.;ee;Neidi Tiina
02.16.;lv;Jūlija Džuljeta
02.16.;lt;Tautvydė Julijonas Julijona
02.16.;ee;Alda Aldi Miralda Miranda Valda Velda
02.17.;lv;Donats Konstance
02.17.;lt;Aleksas Donata Donatas Viltė Vaišvilas
02.17.;ee;Salmo Väino Väinu
02.18.;lv;Kora Kintija
02.18.;lt;Lengvenis Simas Bernadeta Simeonas Gendrė
02.18.;ee;Karita Karme Karmen Rita
02.19.;lv;Zane Zuzanna
02.19.;lt;Konradas Šarūnas Nida Zuzana
02.19.;ee;Ülla Ülle Ülli Ülve Ülvi
02.20.;lv;Vitauts Smuidra Smuidris
02.20.;lt;Eitvydė Aidas Leonas Visgintas
02.20.;ee;Ardi Hardi Hardo Kardo Meinhard Meino
02.21.;lv;Eleonora Ariadne
02.21.;lt;Kęstutis Feliksas Žemyna Eleonora
02.21.;ee;Aavo Auvo Avo
02.22.;lv;Ārija Rigonda Adrians Adriāna Adrija
02.22.;lt;Elvinas Margarita Gintautė Darvydas
02.22.;ee;Häli Hela Heli Helin Helina Helis
02.23.;lv;Haralds Almants
02.23.;lt;Gantautas Butvilė Severinas Romana Roma
02.23.;ee;Lehar Leho Lehto
02.24.;lv;Diāna Dina Dins
02.24.;lt;Gedmantas Motiejus Goda Demetrija Matas
02.24.;ee;Madi Madis Mäido Maido Maidu Mait Mati Matis Mats Matti Mattias
02.25.;lv;Alma Annemarija
02.25.;lt;Regimantas Rasa Margiris Viktoras
02.25.;ee;Tormi Tuule Tuuli Tuulike
02.26.;lv;Evelīna Aurēlija Mētra
02.26.;lt;Sandra Alius Izabelė Aurimė Aleksandras Jogintas
02.26.;ee;Ingmar Ingo Ingvar Selmar
02.27.;lv;Līvija Līva Andra
02.27.;lt;Fortunatas Mandravė Livija Skirmantė Gabrielius Ginvilas Mandravas
02.27.;ee;Helbe Helve Helvi
02.28.;lv;Skaidrīte Justs Skaidra
02.28.;lt;Romas Žygimantė Vilgardas Romanas Osvaldas
02.28.;ee;Vilmar Vilmer Vilmo
02.29.;lt;Gustis Tolvaldas
02.29.;ee;Ulmi Une
03.01.;lv;Ivars Ilgvars
03.01.;lt;Albinas Tulgaudas Rusnė Antanina Antanė
03.01.;ee;Albin Albo Alvin Armin
03.02.;lv;Lavīze Luīze Laila
03.02.;lt;Elena Marcelinas Dautara Eitautas Simplicijus
03.02.;ee;Virge Virgi Virma Virme Virve Virvi
03.03.;lv;Tālis Tālavs Marts
03.03.;lt;Nonita Tulė Uosis Kunigunda
03.03.;ee;Egle Haili Halliki Helliki
03.04.;lv;Alise Auce Enija
03.04.;lt;Daugvydas Daina Vaclava Kazimieras Kazys Vacė
03.04.;ee;Almar Eimar Elmar Elmer Elmet Elmo
03.05.;lv;Austra Aurora Aurika
03.05.;lt;Olivija Virgilijus Klemensas Giedrė Austra Aurora Liucijus Vydotas
03.05.;ee;Laila Laili Leila Leili
03.06.;lv;Vents Centis Gotfrīds
03.06.;lt;Gerasimas Norvilas Raminta Rožė
03.06.;ee;Tarmo Tarmu
03.07.;lv;Ella Elmīra
03.07.;lt;Laima Adrijus Adrija Adrianas Adriana Felicita Rimtautas Galmantė Tomas
03.07.;ee;Ralf Raul Rolf Rudolf Ruudi Ruut
03.08.;lv;Dagmāra Marga Margita
03.08.;lt;Beata Vydminas Gaudvilė
03.08.;ee;Lepo Viilo Viilup Vilbo
03.09.;lv;Ēvalds
03.09.;lt;Pranė Pranciška Dominykas Žygintas Visgailė Domas
03.09.;ee;Edvin Heido Heivo
03.10.;lv;Silvija Laimrota Liliāna
03.10.;lt;Butgailė Silvija Emilis Geraldas Naubartas
03.10.;ee;Helda Helde Heldi
03.11.;lv;Konstantīns Agita
03.11.;lt;Kostas Gedimtas Vijolė Konstantinas
03.11.;ee;Aigar Ain Ainar Innar Inno
03.12.;lv;Aija Aiva Aivis
03.12.;lt;Darmantė Teofanas Galvirdas
03.12.;ee;Rego Reio
03.13.;lv;Ernests Balvis
03.13.;lt;Vaidilė Kristina Liutauras Teodora Paulina
03.13.;ee;Erni Ernits Erno Ernst
03.14.;lv;Matilde Ulrika
03.14.;lt;Matilda Darmantas Karigailė
03.14.;ee;Malde Maldi Matilde Meta Milda Milde Tilde
03.15.;lv;Amilda Amalda Imalda
03.15.;lt;Raigardas Klemensas Lionginas Tautgintė Tautas Lukrecija Tautginė
03.15.;ee;Valev Valvik Valvo
03.16.;lv;Guntis Guntars Guntris
03.16.;lt;Norvilė Henrika Julijonas Vaidotas Norvaldė
03.16.;ee;Heero Herbert Herbi
03.17.;lv;Ģertrūde Gerda Gerhards
03.17.;lt;Gendvilas Vita Gerda Patrikas Gertrūda Gentvila Varūna
03.17.;ee;Gerda Gertrud Kärdi Kärt Kerli Kert Kertu Ruta Ruuta Truude Truuta
03.18.;lv;Ilona Adelīna
03.18.;lt;Kirilas Eimutis Anzelmas Sibilė Eimutė
03.18.;ee;Edi Eduard Eedi Eedo Eedu
03.19.;lv;Jāzeps Juzefa
03.19.;lt;Juozas Vilys Vilė Juozapas
03.19.;ee;Joosep Joosu
03.20.;lv;Made Irbe
03.20.;lt;Irmgarda Irma Filomenas Tautvilė Žygimantas Irmantas
03.20.;ee;Malve Malvi Malviine
03.21.;lv;Una Unigunde Dzelme Benedikts Benedikta
03.21.;lt;Lingailė Reda Nortautas Mikalojus Benediktas
03.21.;ee;Küllo Külvo Pendo Pent
03.22.;lv;Tamāra Dziedra Gabriels Gabriela
03.22.;lt;Kotryna Gedgaudė Benvenutas Gedgaudas
03.22.;ee;Viktor Viktoria
03.23.;lv;Mirdza Žanete Žanna
03.23.;lt;Galgintas Ūla Alfonsas Vismantė Akvilė
03.23.;ee;Ailo Aksel
03.24.;lv;Kazimirs Izidors
03.24.;lt;Liucija Daumantas Ganvilė Gabrielius Donardas
03.24.;ee;Albe Albi Albina
03.25.;lv;Māra Mārīte Marita Mare Ģedimins
03.25.;lt;Normantas Normantė
03.25.;ee;Maari Maarika Maarja Manni Mari Maria Marie Marika Marili Marja Marje Marjo Marju
03.26.;lv;Eiženija Ženija
03.26.;lt;Emanuelis Laimis Vydmantė Arbutas Liudgaras Feliksas Teklė
03.26.;ee;Imand Imant Immo
03.27.;lv;Gustavs Gusts Tālrīts Saulis
03.27.;lt;Nikodemas Rupertas Alkmenas Rūta Lidija Aleksandras
03.27.;ee;Laide Laidi Leia Leida Leidi
03.28.;lv;Gunta Ginta Gunda
03.28.;lt;Sikstas Girmantė Odeta Filemonas Rimkantas
03.28.;ee;Arm Armas Armo Kallis
03.29.;lv;Aldonis Agija
03.29.;lt;Narcizas Manvydas Almantė Bertoldas
03.29.;ee;Joakim Joonas Kimmo
03.30.;lv;Nanija Ilgmārs
03.30.;lt;Nelė Aja Gvidonas Meda Ferdinandas Virmantas Anelė
03.30.;ee;Pille Sibülle
03.31.;lv;Gvido Atvars
03.31.;lt;Kornelija Gina Ginas Benjaminas
03.31.;ee;Härmi Hermi Irma Irmgard Irmi
04.01.;lv;Dagnis Dagne
04.01.;lt;Hugonas Teodora Teodoras Rimgaudas Dainora
04.01.;ee;Harald Harri Harro Herald
04.02.;lv;Irmgarde
04.02.;lt;Elona Pranas Jostautė Pranciškus Jostautas
04.02.;ee;Ene Eneken Enel Eneli Enelin
04.03.;lv;Daira Dairis Daiva Daivis
04.03.;lt;Irena Ričardas Vytenis Rimtautė Kristijonas
04.03.;ee;Uko Uku
04.04.;lv;Valda Herta Ārvalda Ārvalds Ārvaldis
04.04.;lt;Eglė Ambraziejus Algaudas Izidorius
04.04.;ee;Ambrus Arbo Arp Arpo
04.05.;lv;Vija Vidaga Aivija
04.05.;lt;Krescencija Zenius Rimvydas Irena Zenonas Žygintė Vincentas
04.05.;ee;Ireene Irene Reena Reene Rena Renate
04.06.;lv;Zinta Vīlips Filips Dzinta Dzintis
04.06.;lt;Celestinas Žintautė Gerardas Dagnė Daugirutis
04.06.;ee;Ville Villem Villi Villo Villu
04.07.;lv;Zina Zinaīda Helmuts
04.07.;lt;Kantautė Hermanas Donata Minvydas
04.07.;ee;Allan Allo
04.08.;lv;Edgars Danute Dana Dans
04.08.;lt;Alma Valteris Girtautas Skirgailė Julija Dionizas
04.08.;ee;Julia Juuli Juulika Lia Liana Liane
04.09.;lv;Valērija Žubīte Alla
04.09.;lt;Aurimas Gitana Gitanas Paladijus Dalia Kleopas
04.09.;ee;Iiris Kaira Kaire Kairi
04.10.;lv;Anita Anitra Zīle Annika
04.10.;lt;Mintautas Margarita Agna Apolonijus
04.10.;ee;Hindrek Imre Indrek Ints
04.11.;lv;Hermanis Vilmārs
04.11.;lt;Arielė Arielis Arielius Vykintas Daugailė Leonas Stanislovas
04.11.;ee;Hurme Hurmi Urmi
04.12.;lv;Jūlijs Ainis
04.12.;lt;Zenonas Julijus Galmantas Jūratė Julius Damijonas
04.12.;ee;Julius Udo Ullo Ulrik Uudo
04.13.;lv;Egils Egīls Nauris
04.13.;lt;Mingaudas Algaudė Ida Martynas
04.13.;ee;Tarvi Tarvo
04.14.;lv;Strauja Gudrīte
04.14.;lt;Liudvika Liuda Valerijonas Vaišvydė Luiza Visvaldas Justinas
04.14.;ee;Lehe Lehte Lehti
04.15.;lv;Aelita Gastons
04.15.;lt;Gema Vilnius Vaidotė Modestas Anastazijus Liudvina
04.15.;ee;Uljas Uljo Verner Verni
04.16.;lv;Mintauts Alfs Bernadeta
04.16.;lt;Kalikstas Benediktas Giedrius Algedė Ūdrys
04.16.;ee;Olivia Olve Olvi
04.17.;lv;Rūdolfs Viviāna Rūdis
04.17.;lt;Anicetas Dravenis Robertas Skaidra
04.17.;ee;Ege Eike Hiie
04.18.;lv;Laura Jadviga
04.18.;lt;Girmantė Eitvilas Apolonijus
04.18.;ee;Valdek Valdeko Valdemar Valdo Valdu Valdur Valmar Valmer Voldemar Volli Volmer
04.19.;lv;Vēsma Fanija
04.19.;lt;Laisvūnas Laisvūnė Eirimas Leonas Aistė Simonas Leontina
04.19.;ee;Aalike Aleksandra Alli Allo Andra Sandra
04.20.;lv;Mirta Ziedīte Meija
04.20.;lt;Gostautas Eisvydė Marcijonas Agnė
04.20.;ee;Orvi Urbe Urva Urve Urvi
04.21.;lv;Marģers Anastasija
04.21.;lt;Arijus Konradas Milgedas Skalvė Amalija Anzelmas
04.21.;ee;Aimar Aimer Aimo Aimur
04.22.;lv;Armands Armanda
04.22.;lt;Leonas Norvaidė Kajus Leonidas Vadimas Visgailas
04.22.;ee;Meeri Meri Merike Merje
04.23.;lv;Jurģis Juris Georgs Jurgita
04.23.;lt;Jurgita Jurga Vygailė Adalbertas Jurgis Daugaudas
04.23.;ee;Georg Jürgen Jürgo Jüri Jürjo Jürnas Jüts Ürjo
04.24.;lv;Visvaldis Nameda Ritvaldis Ritums
04.24.;lt;Fidelis Ervina Gražvyda Kantrimas
04.24.;ee;Aada Iida Vaida Vanda
04.25.;lv;Līksma Bārbala
04.25.;lt;Žadmantė Morkus Tolmantas Žavinta
04.25.;ee;Marek Margo Margus Mark Marko Markus
04.26.;lv;Alīna Sandris Rūsiņš
04.26.;lt;Gailenis Dargailė Klaudijus Vilūnė
04.26.;ee;Eesi Reesi Teesi Teisi Tereese
04.27.;lv;Tāle Raimonda Raina Klementīne
04.27.;lt;Zita Anastazas Gotautas Edilija Žydrė Aušra
04.27.;ee;Haldi Haldja Halja
04.28.;lv;Gundega Terēze
04.28.;lt;Vygandas Vygantas Rimgailė Vitalius Prudencijus Valerija
04.28.;ee;Lagle Luige
04.29.;lv;Vilnis Raimonds Laine
04.29.;lt;Rita Indrė Kotryna Tarmantas Augustinas
04.29.;ee;Kalmer Kalmo
04.30.;lv;Lilija Liāna
04.30.;lt;Venta Virbutas Sofija Marijonas Pijus
04.30.;ee;Miia Mirja Mirjam Mirje
05.01.;lv;Ziedonis
05.01.;lt;Juozapas Zigmantas Žilvinas Vydmantė Anelė Zigmas
05.01.;ee;Valba Valbe Valli Volber
05.02.;lv;Zigmunds Sigmunds Zigismunds
05.02.;lt;Meilutė Meilė Eidmantas Atanazas
05.02.;ee;Maaja Mai Maia Maie Maiu
05.03.;lv;Gints Uvis
05.03.;lt;Kantvydė Arvystas Pilypas Juvenalis Jokūbas Aleksandras
05.03.;ee;Endel Endo
05.04.;lv;Vizbulīte Viola Vijolīte
05.04.;lt;Vitalija Monika Mintautė Antanina Florijonas Dargailas
05.04.;ee;Roosi Rosalie Saale Saali Sale
05.05.;lv;Ģirts Ģederts
05.05.;lt;Anielius Angelas Pijus Neris Barvydas Mykolas Irena
05.05.;ee;Loit Loomet
05.06.;lv;Gaidis Didzis
05.06.;lt;Benė Liucijus Eidmantė Minvydas Judita Benedikta
05.06.;ee;Aasa Aase Asse
05.07.;lv;Henriete Henrijs Jete Enriko
05.07.;lt;Domicelė Rimutė Butautas Domicijonas Danutė Stanislovas
05.07.;ee;Helma Helme Helmeles Helmi
05.08.;lv;Staņislavs Staņislava Stefānija
05.08.;lt;Stanislovas Viktoras Stasys Džiugas Audrė Mykolas
05.08.;ee;Timmo Timmu Timo
05.09.;lv;Klāvs Einārs Ervīns
05.09.;lt;Beatas Grigalius Austėja Mingailas Edita
05.09.;ee;Kahru Ott Otto
05.10.;lv;Maija Paija
05.10.;lt;Putinas Viktorina Antoninas Sangailė
05.10.;ee;Aina Aini Ainike Aino Ainu
05.11.;lv;Milda Karmena Manfreds
05.11.;lt;Mamertas Skirgaudas Miglė Pilypas
05.11.;ee;Leevo Liivar Liivo
05.12.;lv;Valija Ināra Ina Inārs
05.12.;lt;Nerijus Nerys Achilas Vaidutis Nerėjas Vilgailė
05.12.;ee;Rünno Tapper Võitur Vootele
05.13.;lv;Irēna Irīna Ira Iraīda
05.13.;lt;Alvydė Milda Tautmilas
05.13.;ee;Õie Õile Õili Õilme
05.14.;lv;Krišjānis Elfa Aivita Elvita
05.14.;lt;Gintarė Motiejus Gintaras Vilda Bonifacas
05.14.;ee;Edith Eede Eedit
05.15.;lv;Sofija Taiga Airita Arita
05.15.;lt;Jaunutė Algedas Sofija Zofija Izidorius
05.15.;ee;Sofia Viia Viiu
05.16.;lv;Edvīns Edijs
05.16.;lt;Andrius Ubaldas Andriejus Bitė Vaidmantas
05.16.;ee;Esta Este Ester Esti
05.17.;lv;Herberts Dailis Umberts
05.17.;lt;Bazilė Paskalis Virkantas Gailė
05.17.;ee;Taido Taidur Taimar Taimo Taivo
05.18.;lv;Inese Inesis Ēriks
05.18.;lt;Venancijus Erikas Erdvilas Julita Rytė
05.18.;ee;Eeri Eerik Eero Ergi Ergo Erich Erik Erki Erko
05.19.;lv;Lita Sibilla Teika
05.19.;lt;Celestinas Gilvinas Tauras
05.19.;ee;Emilie Emma Miili Milja Milla Milli
05.20.;lv;Venta Salvis Selva
05.20.;lt;Vygintė Bernardinas Eidvilas Akvilas Alfreda
05.20.;ee;Liili Liilia Lilian Lilja Lille Lilli
05.21.;lv;Ernestīne Ingmārs Akvelīna
05.21.;lt;Vaidivutis Vydmina Aldas Vaidevutis Teobaldas Valentas
05.21.;ee;Kindel Konstantin Kostel Tiino
05.22.;lv;Emīlija
05.22.;lt;Elena Julija Julė Rita Eimantas Aldona
05.22.;ee;Leivo Oliver
05.23.;lv;Leontīne Leokādija Lonija Ligija
05.23.;lt;Gertautas Tautvydė Ivona Žydrūnas Žydrūnė
05.23.;ee;Lii Liidi Liidia Ly Lydia
05.24.;lv;Ilvija Marlēna Ziedone
05.24.;lt;Žana Joana Gina Gerardas Žaneta Vilmantas Vincentas
05.24.;ee;Alar Alari Allar Aller
05.25.;lv;Anšlavs Junora
05.25.;lt;Magdalena Almantas Evelina Danutė Urbonas Bedas
05.25.;ee;Urban Urbo Urve Urves
05.26.;lv;Edvards Edvarts Eduards Varis
05.26.;lt;Algimantas Milvydė Vilhelmina Eduardas Pilypas
05.26.;ee;Miina Minna Valme Valmi Vella Velli Vilma Vilme
05.27.;lv;Dzidra Gunita Loreta Dzidris
05.27.;lt;Augustinas Žymantė Genadijus Virgaudas Brunonas Leonora
05.27.;ee;Kalvi Klaudia
05.28.;lv;Vilis Vilhelms
05.28.;lt;Rima Justas Jogirdas Augustinas
05.28.;ee;Roman Roome Roomet Roomo
05.29.;lv;Maksis Maksims Raivis Raivo
05.29.;lt;Algedas Magdalena Erdvilė Magdė Teodozija
05.29.;ee;Laido Leido Leidur Luulik
05.30.;lv;Vitolds Lolita Letīcija
05.30.;lt;Žana Ferdinandas Joana Žaneta Vyliaudas Jomilė
05.30.;ee;Argo Arro
05.31.;lv;Alīda Jūsma
05.31.;lt;Petrė Angelė Rimvilė Gintautas Petronėlė Nojus
05.31.;ee;Elga Helga Helge Helgi Helja Helje Heljo Helju Olga Olli
06.01.;lv;Biruta Mairita Bernedīne
06.01.;lt;Justinas Jogaila Galindė Konradas Juvencijus
06.01.;ee;Sireli Sirelin Sirle Sirli
06.02.;lv;Lība Emma
06.02.;lt;Eugenijus Auksė Ąžuolas Marcelinas Erazmas
06.02.;ee;Veevi Viiva Viive Viivi Viivia Viivika Vivian
06.03.;lv;Inta Ineta Intra
06.03.;lt;Karolis Klotilda Tautkantas Dovilė
06.03.;ee;Jolanta Kanni Kannike Viola
06.04.;lv;Elfrīda Sintija Sindija
06.04.;lt;Vincė Vincenta Vincentas Kornelijus Deimena Pranciškus Dausprungas
06.04.;ee;Toivo Tõivo Tõivot Tõivotu Tõivu
06.05.;lv;Igors Margots Ingvars
06.05.;lt;Kantautas Kantvydė Marcė Vinfridas Bonifacas
06.05.;ee;Vilimo Viljar Viljer Viljo Vilju
06.06.;lv;Ingrīda Ardis
06.06.;lt;Bogumilas Smiltė Paulina Mėta Norbertas Klaudijus Tauras
06.06.;ee;Pärle Piibe
06.07.;lv;Gaida Arnis Arno
06.07.;lt;Svajūnė Svajūnas Roberta Robertas Ratautas Radvydė Lukrecija
06.07.;ee;Robert Robi
06.08.;lv;Frīdis Frīda Mundra
06.08.;lt;Merūnas Medardas Eigintė
06.08.;ee;Enda Endla Enna Enne
06.09.;lv;Ligita Gita
06.09.;lt;Felicijus Gintė Vitalija Gintas Felicijonas Efremas
06.09.;ee;Elar Haljand Hallar Helar Helari Hellar
06.10.;lv;Malva Anatols Anatolijs
06.10.;lt;Galindas Diana Margarita Liutgarda Pelagija Vingailė
06.10.;ee;Amalie Maali Maila Maile Maili Mailis
06.11.;lv;Ingus Mairis Vidvuds
06.11.;lt;Barnabas Aluona Flora Tvirmantas
06.11.;ee;Imbi Imme
06.12.;lv;Nora Lenora Ija
06.12.;lt;Kristė Kristis Vilma Dovė Ramūnas Anupras Kristijonas
06.12.;ee;Eskel Esko
06.13.;lv;Zigfrīds Ainārs Uva
06.13.;lt;Antanas Kunotas Skalvė Akvilina
06.13.;ee;Monika Mooni Moonika
06.14.;lv;Tija Saiva Sentis Santis Saivis
06.14.;lt;Rufinas Valerijus Labvardas Digna Bazilijus Almina
06.14.;ee;Leina Leine Leini
06.15.;lv;Baņuta Žermēna Vilija Vits
06.15.;lt;Tanvilas Krescencija Bargailė Vitas Jolanta
06.15.;ee;Guido Kuido Viido Viit
06.16.;lv;Justīne Juta
06.16.;lt;Tolminas Julita Benas Jūra
06.16.;ee;Heelia Päive Päivi
06.17.;lv;Artūrs Artis
06.17.;lt;Adolfas Vilmantė Daugantas Grigalius Laura
06.17.;ee;Eugen Kenno
06.18.;lv;Alberts Madis
06.18.;lt;Arnulfas Marcelinas Morkus Ginbutas Marina Vaiva
06.18.;ee;Auli Aurelia Auri Reeli Reelika Reili
06.19.;lv;Viktors Nils
06.19.;lt;Romualdas Romas Dovilas Deodatas Ramunė Julijona
06.19.;ee;Sigrid Siiri Siivi
06.20.;lv;Rasma Rasa Maira
06.20.;lt;Nandas Florentina Žintautė Žadvainas Silverijus
06.20.;ee;Kaari Karlotte Karola Karoliine Karolin Lota
06.21.;lv;Emīls Egita Monvīds
06.21.;lt;Galminas Aloyzas Vasarė Alicija
06.21.;ee;Ahti Ahto
06.22.;lv;Ludmila Laimdots Laimiņš
06.22.;lt;Inocentas Tomas Kaributas Laima Paulinas
06.22.;ee;Liina Liine Paula Pauliine
06.23.;lv;Līga
06.23.;lt;Rūtilė Vaidas Arvydas Agripina Zenonas Vaida Ligitas Vanda Ligita
06.23.;ee;Kalev Malev Malvo
06.24.;lv;Jānis
06.24.;lt;Janina Jonas Eivilitė Eivilitas Eiviltas
06.24.;ee;Annes Ants Hannes Hans Jaan Jan Janno Johan Johannes Juhan Juho Jukk Juss Kanek
06.25.;lv;Milija Maiga
06.25.;lt;Vilius Geisvydas Geisvyda Vilhelmas Geistautas Geistautė Baniutė Epika
06.25.;ee;Inna Lenna Linda
06.26.;lv;Ausma Inguna Ingūna Inguns Ausmis
06.26.;lt;Jaunius Povilas Viltautė Virgilijus Jaunutis Paulius
06.26.;ee;Manivald Vaane Vaano Vaino Vane Vanevald
06.27.;lv;Malvīne Malvis
06.27.;lt;Ema Norgailė Gediminas Vladislovas Vladas Kirilas
06.27.;ee;Elfi Elfriide Elva Elve Elvi Elviira Viire
06.28.;lv;Viesturs Kitija Viestards
06.28.;lt;Gaudrė Irenėjus Tulgedas
06.28.;ee;Leo Leopold
06.29.;lv;Pēteris Pāvils Pauls Paulis
06.29.;lt;Benita Gedrimė Mantigirdas Petras Povilas Paulius
06.29.;ee;Peedo Peedu Peep Peet Peeter
06.30.;lv;Tālivaldis Mareks
06.30.;lt;Tautginas Novilė Emilija Liucina Adelė Otonas Otas
06.30.;ee;Helend Päivo Päivu
07.01.;lv;Imants Rimants Ingars Intars
07.01.;lt;Julijus Julius Liepa Tautrimas
07.01.;ee;Eha Ehala Hämarik
07.02.;lv;Lauma Ilvars Halina
07.02.;lt;Martys Martinijonas Marijonas Gantautė Jotvingas
07.02.;ee;Milve Milvi
07.03.;lv;Benita Everita Verita Emerita
07.03.;lt;Anatolijus Leonas Vaidilas Liaudmina Tomas
07.03.;ee;Arvo Aulik
07.04.;lv;Ulvis Uldis Sandis Sandijs
07.04.;lt;Malvina Teodoras Gedgailė Ulrikas Berta Skalvis Elžbieta
07.04.;ee;Virgo Virmo Virvo
07.05.;lv;Andžs Andžejs Edīte Esmeralda
07.05.;lt;Butginas Filomena Antanas Karolina Mantmilė
07.05.;ee;Kaja Kajar
07.06.;lv;Anrijs Arkādijs
07.06.;lt;Nervilas Nerilė Nervilė Nerilis Marija Nervydas Ginvilė Dominyka Domė Mindaugas
07.06.;ee;Sulev Sulo
07.07.;lv;Alda Maruta
07.07.;lt;Sangailas Astijus Sangaudas Elita Vilgailė Estera
07.07.;ee;Koidu Koidula
07.08.;lv;Antra Adele Ada
07.08.;lt;Arentas Arnas Vaitautas Elžbieta Virga Valmantė Arnoldas Virginija Elzė
07.08.;ee;Eleonoora Ellinor Leonoora Loora Loore Noora Nora
07.09.;lv;Zaiga Asne Asna
07.09.;lt;Marcė Vera Leonardas Marcelina Veronika Algirdas Algirdė
07.09.;ee;Aive Aivi
07.10.;lv;Lija Olīvija Olivers Odrija
07.10.;lt;Gilvainas Rufina Prudencija Amalija Eirimė
07.10.;ee;Saima Saime Saimi
07.11.;lv;Leonora Svens
07.11.;lt;Benediktas Kipras Vilmantas Šarūnė Pijus
07.11.;ee;Asko Askur
07.12.;lv;Indriķis Ints Namejs
07.12.;lt;Bonifacas Brunonas Sigisbertas Margiris Vyliaudė Izabelė Sigitas
07.12.;ee;Armand Härm Härmel Härmo Herman Hermann Hermo
07.13.;lv;Margrieta Margarita
07.13.;lt;Anys Ridijus Rydas Ryda Rida Ridas Meinardas Ridija Anakletas Eugenijus Henrikas Arvilas Arvilė
07.13.;ee;Greta Grete Kreet Kreeta Mare Maret Mareta Margareeta Marge Margit Marit Marita Meeta Reeda Reet
07.14.;lv;Oskars Ritvars Anvars
07.14.;lt;Eigilė Vydas Kamilas Libertas
07.14.;ee;Joel Joosua
07.15.;lv;Egons Egmonts Egija Henriks Heinrihs
07.15.;lt;Gerimantė Henrikas Rozalija Mantas Rožė Bonaventūras Herkus
07.15.;ee;Ragne Raina Raine Raini
07.16.;lv;Hermīne Estere Liepa
07.16.;lt;Marija Vaigaudas Danguolė Faustas
07.16.;ee;Rein Reinhold Reino Reinu Reinut Rinaldo Ronald
07.17.;lv;Aleksis Aleksejs Alekss
07.17.;lt;Girėnas Vaiga Magdalena Darius Aleksas
07.17.;ee;Meeme Meemo
07.18.;lv;Rozālija Roze
07.18.;lt;Ervinas Kamilis Eimantė Tautvilas Fridrikas Arnoldas Arnas Arentas
07.18.;ee;Eerika Erika
07.19.;lv;Jautrīte Kamila Digna Sāra
07.19.;lt;Aurėja Galigantas Mantigailė Vincentas Vincas Auksė
07.19.;ee;Saara Saare Saari Salli
07.20.;lv;Ritma Ramona
07.20.;lt;Alvydas Alvyda Jeronimas Elijas Česlovas Aurelijus Vismantė
07.20.;ee;Elias Erland Liias
07.21.;lv;Meldra Meldris Melisa
07.21.;lt;Rimvydas Rimvydė Danielius Laurynas Lionginas
07.21.;ee;Tambet Tulev
07.22.;lv;Marija Marika Marina
07.22.;lt;Mantilė Dalius Magdalena
07.22.;ee;Leen Leena Leeni Made Madli Magda Magdaleena Mall Malle
07.23.;lv;Magda Magone Mērija Magdalēna
07.23.;lt;Apolinaras Tarvilas Gilmina Brigita Romula Roma Saida Saidas
07.23.;ee;Saida Seida Senta Siina
07.24.;lv;Kristīne Kristīna Krista Kristiāna Kristiāns
07.24.;lt;Dargvilė Kristupas Kristina Kristoforas Kunigunda Dargvilas
07.24.;ee;Kersti Kerstin Kirsti Krista Kristel Kristi Kristiina Kristin Kristina Rista Riste
07.25.;lv;Jēkabs Žaklīna
07.25.;lt;Jokūbas Aušrinė Kristoforas Kristupas Kargaudas
07.25.;ee;Jaagup Jaak Jaako Jaap Jako Jakob Jass
07.26.;lv;Anna Ance Annija
07.26.;lt;Daugintas Eigirdė Anna Aneta Ana Joakimas Ona Jokimas
07.26.;ee;Anete Anita Ann Anna Anne Anneli Anni Annika Anu
07.27.;lv;Marta Dita Dite
07.27.;lt;Natalija Panteleonas Žintautas Svalia Sergijus
07.27.;ee;Marta Marve Marvi
07.28.;lv;Cecīlija Cilda
07.28.;lt;Augmina Vytaras Nazarijus Inocentas Ada Nazaras Vytas
07.28.;ee;Maasika Vaarika
07.29.;lv;Edmunds Edžus Vidmants
07.29.;lt;Mantvydė Mantvydas Simplicijus Laimis Morta Feliksas Faustinas Beatričė
07.29.;ee;Olaf Olav Olavi Olev
07.30.;lv;Valters Renārs Regnārs
07.30.;lt;Donatilė Nortautas Radvilė Abdonas
07.30.;ee;Kerman Kermo Roland
07.31.;lv;Rūta Ruta Angelika Sigita
07.31.;lt;Elena Ignacas Sanginas Vykintė Ignotas
07.31.;ee;Ave Meevi
08.01.;lv;Albīns Albīna
08.01.;lt;Bartautas Bartautė Almeda
08.01.;ee;Maira Maire Mairi Maris
08.02.;lv;Normunds Stefans
08.02.;lt;Alfonsas Gustavas Guoda Tautvilas Steponas Euzebijus
08.02.;ee;Helger Helgo Holger Olger
08.03.;lv;Augusts
08.03.;lt;Lidija Mangirdas Lengvinė Augustė
08.03.;ee;Kaljo Kalju
08.04.;lv;Romāns Romualds Romualda
08.04.;lt;Dominykas Milgedė Gerimantas
08.04.;ee;Veera Veronika Veroonika
08.05.;lv;Osvalds Arvils
08.05.;lt;Felicisimas Nona Rimtas Mintarė Osvaldas Paris Vilija
08.05.;ee;Salme Salmi
08.06.;lv;Askolds Aisma
08.06.;lt;Daiva Bylotas
08.06.;ee;Laina Laine Lainela Laini Laive Laivi
08.07.;lv;Alfrēds Madars Fredis
08.07.;lt;Jogilė Klaudija Jogailė Drąsutis Kajetonas Donatas Sikstas
08.07.;ee;Hiljar Hiljo Vaido Vaigo Vaiko
08.08.;lv;Mudīte Vladislavs Vladislava
08.08.;lt;Dominykas Tulgirdas Daina Elidijus Gustavas
08.08.;ee;Silva Silve Silvi Silvia
08.09.;lv;Madara Genoveva Genovefa
08.09.;lt;Rolanda Rolana Romas Tarvilė Rolandas Mintaras Romanas
08.09.;ee;Deboora Imma Melita Mesike
08.10.;lv;Brencis Audris Inuta Audra
08.10.;lt;Laurynas Asterija Laima Astra Norimantas
08.10.;ee;Laar Laur Lauri Laurits Lauro
08.11.;lv;Olga Zita Liega Zigita
08.11.;lt;Severas Klara Ligija Filomena Zuzana Visalgas Visvilė
08.11.;ee;Sanna Sanne Susanna Suusi
08.12.;lv;Vizma Klāra
08.12.;lt;Radė Radegunda Laimonas Laimona Klara
08.12.;ee;Klaara Klaarika
08.13.;lv;Elvīra Velga Rēzija
08.13.;lt;Diana Ipolitas Gilvilė Naglis Kasijonas Poncijonas
08.13.;ee;Teedo Teedu Teet Teetlev Teeto
08.14.;lv;Zelma Zemgus Virma
08.14.;lt;Maksimilijonas Guostė Grintautas Euzebijus
08.14.;ee;Gisella Svea
08.15.;lv;Zenta Dzelde Zelda
08.15.;lt;Rugilė Napalys Sigita Napoleonas Vydenė Visvilas
08.15.;ee;Hanna Jaana Jaanika Jana Janika Janne Jenny Johanna Nanna
08.16.;lv;Astra Astrīda
08.16.;lt;Butvydas Rokas Alvita Jokimas
08.16.;ee;Aulis Aurel Kuldar Kullar Kullo
08.17.;lv;Vineta Oļegs
08.17.;lt;Jacintas Mažvilė Saulenis Hiacintas Jackus
08.17.;ee;Saamo Saamu Saamuel
08.18.;lv;Liene Helēna Elena Ellena Liena
08.18.;lt;Ilona Elena Mantautas Gendvilė
08.18.;ee;Elina Heleene Helen Helena Helene Hell Hella Helle Hellen Helli Ilona
08.19.;lv;Melānija Imanta
08.19.;lt;Balys Emilija Argaudas Tolvina Boleslovas
08.19.;ee;Maano Maanus Magnus Mango Mauno
08.20.;lv;Bernhards Boriss Rojs
08.20.;lt;Nemunas Bernardas Tolvinas Neringa
08.20.;ee;Benno Bernhard Päärn Pääro Pärn Pärno Pearn Pearu
08.21.;lv;Janīna Linda
08.21.;lt;Joana Linda Medeinė Gaudvydas Pijus Kazimiera
08.21.;ee;Sven Sveno
08.22.;lv;Rudīte Everts
08.22.;lt;Rimantė Ipolitas Zygfridas Karijotas
08.22.;ee;Iivo Ivalo Ivar Ivari Ivo
08.23.;lv;Vitālijs Ralfs Valgudis
08.23.;lt;Girmantas Pilypas Rožė Tautgailė
08.23.;ee;Signe Singe
08.24.;lv;Bērtulis Boļeslavs
08.24.;lt;Baltrus Alicija Rasuolė Viešvilas Michalina Mykolė Baltramiejus
08.24.;ee;Albert Berta Pärt Pärtel
08.25.;lv;Ludvigs Ludis Ivonna Patrīcija Patriks
08.25.;lt;Liudas Juozapas Liudvikas Patricija Liucilė Mangailė Mangailas
08.25.;ee;Tauno Tunne
08.26.;lv;Natālija Tālija Broņislavs Broņislava
08.26.;lt;Vilandas Zefirinas Gailius Algintė Aleksandras Kazimieras Gailutis
08.26.;ee;Hilma Ilma Ilmatar Ilme Ilmi
08.27.;lv;Žanis Jorens Alens
08.27.;lt;Monika Tolvydas Aušrinė Cezarijus
08.27.;ee;Maime Maimi Maimo Maimu
08.28.;lv;Auguste Guste
08.28.;lt;Steigvilė Augustina Tarvilas
08.28.;ee;August Gustav Kustas Kustav Kusti Kusto
08.29.;lv;Armīns Vismants Aiga
08.29.;lt;Beatričė Sabina Barvydas Gaudvydė
08.29.;ee;Õnne Õnnela
08.30.;lv;Alvis Jolanta Samanta
08.30.;lt;Vesta Rozita Feliksas Kintenis Augūna Adauktas Gaudencija Laimis Rosita Joris
08.30.;ee;Emil Meljo Mello Miljo
08.31.;lv;Vilma Aigars
08.31.;lt;Vilmantė Izabelė Raimundas Raimunda Vilmantas Raimondas
08.31.;ee;Arved Arvi Arvid
09.01.;lv;Ilmārs Iluta Austrums
09.01.;lt;Egidijus Verena Gytautas Burvilė Gytis
09.01.;ee;Ülar Ülari Ülev Üllar Üllart Üllas Üllo Ülo
09.02.;lv;Elīza Lizete Zete
09.02.;lt;Vilgaudė Steponas Vilgaudas Protenis Ingrida
09.02.;ee;Maive Maivi Taive Taivi
09.03.;lv;Berta Bella
09.03.;lt;Bronislava Mirga Sirtautas Grigalius Bronislova Berta Bronislovas
09.03.;ee;Solveig Veegi
09.04.;lv;Dzintra Dzintara Dzintars
09.04.;lt;Germina Rožė Ida Germantė Girstautas Rozalija
09.04.;ee;Priide Priidika Priidla
09.05.;lv;Klaudija Persijs Vaida
09.05.;lt;Dingailė Erdenis Stanislava Laurynas Stasė Justina
09.05.;ee;Preedik Priidik Priido Priidu Priit Reedik Vidrik
09.06.;lv;Maigonis Magnuss Mariuss
09.06.;lt;Tautenė Vaištautas Faustas Beata
09.06.;ee;Aiki Angela Angelika Ingel
09.07.;lv;Regīna Ermīns
09.07.;lt;Regina Klodoaldas Palmyra Pulcherija Falmira Palmira Bartė Bartas Klodas
09.07.;ee;Regiina Reina
09.08.;lv;Ilga
09.08.;lt;Klementina Daumantė Liaugaudas Marija Adrijonas
09.08.;ee;Mariann Marianna Marianne
09.09.;lv;Bruno Telma
09.09.;lt;Argintas Sonata Ramutė Sergijus Serapina
09.09.;ee;Taidi Taima Taimi
09.10.;lv;Jausma Albertīne
09.10.;lt;Kostė Dionyzas Konstancija Mikalojus Salvijus Tautgirdas Girmintė
09.10.;ee;Lembe Lembi Lemme Lemmi
09.11.;lv;Signe Signija
09.11.;lt;Jacintas Hiacintas Gytautė Jackus Gytė Helga Augantas
09.11.;ee;Aalo Aleks Aleksander Sander Sanno Sass
09.12.;lv;Erna Evita Eva
09.12.;lt;Gvidas Marija Tolvaldas Vaidmantė
09.12.;ee;Meeli Meelike Meila Meili Melanie Mella Melli
09.13.;lv;Iza Izabella
09.13.;lt;Barvydė Barmantas
09.13.;ee;Ervi Ervin Ervo
09.14.;lv;Sanita Santa Sanda Sanija Sandija
09.14.;lt;Eisvinas Santa Sanija Sanita Eisvina Krescencijus Krescencija
09.14.;ee;Raimo Raimond Raimu Raimund Reimo Reimu
09.15.;lv;Sandra Gunvaldis Gunvaris Sondra
09.15.;lt;Vismantas Eugenija Rimgailė Nikodemas Rolandas
09.15.;ee;Kulmo Kulno Kurmo Kuulo
09.16.;lv;Asja Asnate Dāgs
09.16.;lt;Rimgaudas Kipras Jogintė Kornelijus Kiprijonas Eufemija Kamilė Edita Liudmila
09.16.;ee;Aila Aile Aili Alice Aliise
09.17.;lv;Vera Vaira Vairis Vaiva
09.17.;lt;Pranas Robertas Sintautas Sintautė Pranciškus
09.17.;ee;Hilda Hildegard Hille Hilli Ille Illi
09.18.;lv;Liesma Elita Alita
09.18.;lt;Stefa Elita Galmantė Stefanija Juozapas Mingailas Stanislovas
09.18.;ee;Tiido Tiidrik Tiidu Tiit
09.19.;lv;Verners Muntis
09.19.;lt;Vytė Januarijus Arnulfas Vilė Vilhelmina Girvinas
09.19.;ee;Erna Marna
09.20.;lv;Guntra Ginters Marianna
09.20.;lt;Vainora Kolumba Fausta Vainoras Tautgirdė Eustachijus
09.20.;ee;Kaubi Kaupo
09.21.;lv;Modris Matīss Mariss
09.21.;lt;Viskintė Mantvilas Matas
09.21.;ee;Lembit Lembitu Lembo Lemmert Lemmik Lemmo
09.22.;lv;Māris Mārica Maigurs
09.22.;lt;Virmantė Tarvinas Mauricijus Tomas
09.22.;ee;Marvo Maur Mauri Maurits
09.23.;lv;Vanda Veneranda Venija
09.23.;lt;Lina Linas Teklė Galintas Galintė Linė
09.23.;ee;Diana Dolores Tekla
09.24.;lv;Agris Agrita
09.24.;lt;Gerardas Gedvinas Gedvinė
09.24.;ee;Alvar Alver Alvo
09.25.;lv;Rodrigo Rauls
09.25.;lt;Vladislovas Kleopas Vaigintas Ramvydė Aurelija
09.25.;ee;Ago Agu Agur Ako Koido Koit
09.26.;lv;Gundars Kurts Knuts
09.26.;lt;Kipras Justina Gražina Vydenis Damijonas Justė
09.26.;ee;Valve Valvi Velve Vilve Vilvi
09.27.;lv;Ādolfs Ilgonis
09.27.;lt;Adalbertas Damijonas Daugilė Kovaldas Vincentas
09.27.;ee;Elo Loone Õrne
09.28.;lv;Sergejs Svetlana Lana
09.28.;lt;Vacys Vientautė Saliamonas Tautvydas Vaclovas Lana Svetlana
09.28.;ee;Lennart Lenno Leonhard Linnar Linnart
09.29.;lv;Miķelis Mikus Miks Mihails Jumis
09.29.;lt;Mykolė Gabrielius Mykolas Rapolas Michalina Kęsgailė Kęsgailas
09.29.;ee;Mihkel Miikael Mikk Miko Miku
09.30.;lv;Elma Menarda Elna
09.30.;lt;Jeronimas Žymantas Bytautė Zofija Sofija
09.30.;ee;Kaur Kauri Tauri
10.01.;lv;Zanda Lāsma Zandis
10.01.;lt;Emanuelis Remigijus Teresė Mantas Mintė Benigna Arielis Arielė Arielius
10.01.;ee;Ragnar Rain Rainer Raino Rauno Reinhard
10.02.;lv;Ilma Skaidris
10.02.;lt;Getautė Eidvilas Modestas
10.02.;ee;Leela Leeli Leelo
10.03.;lv;Elza Ilizana
10.03.;lt;Teresė Alanta Milgintas Kristina Evaldas
10.03.;ee;Eevald Eevo Evald Evert
10.04.;lv;Modra Francis Dmitrijs
10.04.;lt;Pranas Eivydė Mąstautas Pranciškus
10.04.;ee;Randel Rando Randolf Ranno
10.05.;lv;Amālija Amēlija
10.05.;lt;Galė Edvinas Palemonas Placidas Donata Gilda
10.05.;ee;Inga Inge Ingeborg Inger Ingi Ingrid
10.06.;lv;Monika Zilgma Zilga
10.06.;lt;Brunonas Budvydas Vytenė
10.06.;ee;Bruno Edmund
10.07.;lv;Daumants Druvvaldis
10.07.;lt;Eivina Justina Butrimas Renatas Morkus
10.07.;ee;Asso Ats Atso Hasso
10.08.;lv;Aina Anete
10.08.;lt;Aina Demetras Brigita Gaivilė Daugas Sergijus Marcelis Benedikta
10.08.;ee;Hilja Hilje Hilju
10.09.;lv;Elga Helga Elgars
10.09.;lt;Liudas Dionyzas Liudvikas Gedėtas Virgailė
10.09.;ee;Mariina Riin Riina Riine
10.10.;lv;Arvīds Arvis Druvis
10.10.;lt;Danys Pranciškus Danielius Gilvydas Butautė
10.10.;ee;Karmo Varmo Võso
10.11.;lv;Monta Tince Silva
10.11.;lt;Zinaida Rimgaudas Zina Germanas Daugvydė
10.11.;ee;Aldo Aldur Eldur Haldo Haldur Heldur
10.12.;lv;Valfrīds Kira
10.12.;lt;Ralfas Salvinas Serapinas Gantas Deimintė Rudolfas
10.12.;ee;Aare Aaro Are
10.13.;lv;Irma Mirga
10.13.;lt;Nortautas Edvardas Mintaras Nortautė Venancijus Edgaras Eduardas
10.13.;ee;Ebba Ebe Epp
10.14.;lv;Vilhelmīne Minna
10.14.;lt;Kalikstas Vincentas Mindaugas Rimvydė Fortunata
10.14.;ee;Kai Kaia Kaidi Kaie Kaili Kaisa
10.15.;lv;Eda Hedviga Helvijs
10.15.;lt;Teresė Galimintas Domantė Leonardas
10.15.;ee;Eda Ede Hädi Häidi Heda Hedi Hedvig Heidi Heivi
10.16.;lv;Daiga Dinija Dinārs
10.16.;lt;Gutautas Dovaidas Dovaidė Greta Gretė Dovaldė Ambraziejus Jadvyga Galius Aurelija Margarita
10.16.;ee;Siret Sirja Sirje
10.17.;lv;Gaits Karīna Gaitis
10.17.;lt;Ignotas Marijonas Ignacas Gytė Margarita Kintautas
10.17.;ee;Vesta Veste
10.18.;lv;Rolands Rolanda Ronalds Erlends Lūkass
10.18.;lt;Liubartas Lukas Kęsmina Vaiva
10.18.;ee;Ludvig Lui Luukas
10.19.;lv;Elīna Drosma Drosmis
10.19.;lt;Frida Povilas Paulius Akvilinas Geisvilas Kantrimė Kleopatra Laura Izaokas
10.19.;ee;Stella Tähte Tähti
10.20.;lv;Leonīds Leonīda
10.20.;lt;Irena Deimina Adelina Adelija Gedas Adelė
10.20.;ee;Jasper Kaspar Kasper
10.21.;lv;Urzula Severīns
10.21.;lt;Vilma Uršulė Hiliaras Gilanda Raitvilas
10.21.;ee;Ulla Ulrika Ursula
10.22.;lv;Īrisa Irīda Airisa
10.22.;lt;Mingedė Donatas Malvina Severinas Viltaras Severas Aliodija
10.22.;ee;Anno Annus Hanno Hannus Ihan Ihanus Jaano Jaanus
10.23.;lv;Daina Dainis Dainida
10.23.;lt;Sanginas Odilija Ramvydė
10.23.;ee;Leevi Liivi Liivia Liivika
10.24.;lv;Renāte Modrīte Mudrīte
10.24.;lt;Daugailas Gilbertas Rapolas Švitrigailė Antanas
10.24.;ee;Asmo Asmus Ermo Rasmus
10.25.;lv;Beāte Beatrise
10.25.;lt;Krizas Krizantas Švitrigaila Vaigedė Darija Inga
10.25.;ee;Raivo Riivo Veevo Viivo
10.26.;lv;Amanda Kaiva Amanta
10.26.;lt;Vita Evaristas Mingintė Liudginas Liaudginas
10.26.;ee;Aime Aimi Amanda Ami Manda
10.27.;lv;Lilita Irita Ita
10.27.;lt;Tautmilė Vincas Vincentas Ramojus Sabina
10.27.;ee;Eila Eili Häili Hälli Heili
10.28.;lv;Ņina Ninona Antoņina Oksana
10.28.;lt;Judas Gaudrimas Almantė Simonas Simas Tadas
10.28.;ee;Siim Siimo Siimon Siimu Simmo Simmu Simun
10.29.;lv;Laimonis Elvijs Elva Elvis Laimis
10.29.;lt;Ermelinda Gelgaudas Narcizas Tolvydė Violeta
10.29.;ee;Alf Alfred Fred Fredi
10.30.;lv;Nadīna Ulla Adīna
10.30.;lt;Volfas Skirvydė Skirgaila Volfgangas Darata Liucilė Edmundas
10.30.;ee;Urmas Urmet Urmo
10.31.;lv;Valts Rinalds Rinalda
10.31.;lt;Liucilė Tanvilė Mąstvilas Benignas
10.31.;ee;Ardo Ardu Arti Arto Artur
11.01.;lv;Ikars
11.01.;lt;Žygaudas Milvydė Andrius
11.01.;ee;Tiia Tiiu
11.02.;lv;Vivita Dzīle Viva
11.02.;lt;Valys Valentas Gedilė Gedartas
11.02.;ee;Hinge Hingi
11.03.;lv;Ērika Dagnija
11.03.;lt;Norvainė Vydmantas Silvija Martynas Hubertas
11.03.;ee;Kaido Kaidu Kaimar Kaimo Kairo Kaivo
11.04.;lv;Atis Otomārs Oto
11.04.;lt;Vitalijus Vitalius Vaidmina Eibartas Vitalis Agrikola Karolis Modesta
11.04.;ee;Erla Erle Herta
11.05.;lv;Šarlote Lote
11.05.;lt;Gedvydė Audangas Zacharijas Elžbieta Elzė Florijonas
11.05.;ee;Vaho Vahto Vahur
11.06.;lv;Linards Leons Leo Leonards Leonarda
11.06.;lt;Armantas Vygaudė Ašmantas Melanijus Leonardas
11.06.;ee;Aadi Aado Aadu Ado Adolf
11.07.;lv;Helma Lotārs Pērle
11.07.;lt;Ernestas Rufas Karina Gotautė Sirtautas
11.07.;ee;Kiira Kiiri Kirke
11.08.;lv;Aleksandra Agra
11.08.;lt;Svirbutas Viktorinas Gotfridas Severijonas Severinas Domantė
11.08.;ee;Nele Nella Nelli
11.09.;lv;Teodors
11.09.;lt;Estela Teodoras Skirtautė Dargintas Aurelijus Paulina
11.09.;ee;Teo Teodor Tuudor
11.10.;lv;Mārtiņš Mārcis Markuss Marks
11.10.;lt;Andrius Evelina Gelvydė Vaišviltas Leonas Andriejus
11.10.;ee;Mardi Mardo Mart Märt Märten Martin
11.11.;lv;Ojārs Rainers Nellija
11.11.;lt;Milvydė Vygintas Martynas Anastazija Nastė
11.11.;ee;Alev Elev Elvo
11.12.;lv;Kaija Kornēlija
11.12.;lt;Kristinas Juozapotas Teodoras Ašmantas Alvilė Kristina Renata
11.12.;ee;Konrad Kuno Kuuno
11.13.;lv;Eižens Jevgeņijs Jevgeņija
11.13.;lt;Norvydas Arkadijus Eirimė
11.13.;ee;Krister Kristjan Kristo Risto
11.14.;lv;Fricis Vikentijs Vincents
11.14.;lt;Saulenė Gotfridas Judita Ramantas Emilis
11.14.;ee;Alve Alvi Alviine
11.15.;lv;Leopolds Undīne Unda
11.15.;lt;Žadvydė Vaidilas Leopoldas Albertas
11.15.;ee;Vaige Vaigi Vaike Vaiki
11.16.;lv;Banga Glorija
11.16.;lt;Edmundas Margarita Vaišvydas Gerdvilė Gertrūda
11.16.;ee;Aarne Arne Arno Arnold
11.17.;lv;Hugo Uga Uģis
11.17.;lt;Dionyzas Elžbieta Grigalius Getautas Gilvilė Viktorija
11.17.;ee;Egil Egon Einar Einari Eino Heinar
11.18.;lv;Aleksandrs Doloresa Brīve
11.18.;lt;Otas Vestina Ginvydas Salomėja Otonas Romanas Ginvydė
11.18.;ee;Ilo Ilu
11.19.;lv;Elizabete Liza Līze Betija
11.19.;lt;Dainius Matilda Dainotas Rimgaudė
11.19.;ee;Betti Eliisabet Eliise Elis Els Elsa Else Ilse Liis Liisa Liisi Liisu
11.20.;lv;Anda Andīna Vigo
11.20.;lt;Vaidvilė Laimis Feliksas Jovydas
11.20.;ee;Helmar Helmer Helmo Helmu Helmur Helmut
11.21.;lv;Zeltīte Andis
11.21.;lt;Gomantas Honoratas Tomas Eibartė Honorijus Alberta Girenė Norgaudas
11.21.;ee;Pilve Pilvi
11.22.;lv;Aldis Alfons Aldris
11.22.;lt;Dargintė Steigintas Cilė Cecilija
11.22.;ee;Cecilia Säsil Silja Silje Sille
11.23.;lv;Zigrīda Zigfrīda Zigrīds
11.23.;lt;Felicita Kolumbas Orestas Klemensas Liubartė Kolumbanas Adelė Doviltas
11.23.;ee;Kleement Leemet Leemo
11.24.;lv;Velta Velda
11.24.;lt;Žybartas Gerardas Žybartė Mantvinas
11.24.;ee;Ustav Ustus
11.25.;lv;Katrīna Kate Kadrija Trīne Katrīne
11.25.;lt;Kotryna Germilė Santautas
11.25.;ee;Kaarin Kadi Kadri Kadrin Karin Katariina Kati Katre Katri Katrin Triin Triina Triinu
11.26.;lv;Konrāds Sebastians
11.26.;lt;Vygantė Silvestras Leonardas Dobilas Vygintė
11.26.;ee;Dagmar Maara Maare Tamaara
11.27.;lv;Lauris Norberts
11.27.;lt;Girdvydė Girvydė Maksimas Skomantas Virgis Virgilijus Skomantė Skalmantas
11.27.;ee;Asta Astra Astrid
11.28.;lv;Rita Vita Olita
11.28.;lt;Rimgaudas Rufas Steponas Vakarė Jokūbas
11.28.;ee;Laima Niina Raima
11.29.;lv;Ignats Virgīnija
11.29.;lt;Saturnas Saturninas Daujotas Butvydė
11.29.;ee;Edgar Egert
11.30.;lv;Andrievs Andrejs Andris
11.30.;lt;Saugardas Andriejus Saugirdė Saugirdas Andrius Dovainė
11.30.;ee;Andi Ando Andre Andreas Andres Andro Andrus Andu Anti
12.01.;lv;Arnolds Emanuels
12.01.;lt;Aleksandras Eligijus Natalija Butigeidas Algmina
12.01.;ee;Oskar Osmar Oss
12.02.;lv;Meta Sniedze
12.02.;lt;Paulina Aurelija Milmantė Svirgailas Liucijus
12.02.;ee;Aira Aire Airi
12.03.;lv;Evija Raita Jogita Ako
12.03.;lt;Ksaveras Audinga Gailintas Pranciškus
12.03.;ee;Leiger Leino
12.04.;lv;Baiba Barbara Barba
12.04.;lt;Liugailė Vainotas Osmundas Barbora
12.04.;ee;Barba Barbara Parba Varje Varju Varve
12.05.;lv;Sabīne Sarma Klaudijs
12.05.;lt;Eimintas Geisvilė Gratas Gracija
12.05.;ee;Selma Selme
12.06.;lv;Nikolajs Niklāvs Niks Nikola
12.06.;lt;Norvydė Bilmantas Mikalojus
12.06.;ee;Klaus Laas Laus Nigul Nigulas Niilas Niilo Nikolai Nils
12.07.;lv;Antonija Anta Dzirkstīte
12.07.;lt;Ambraziejus Daugardas Tautė Jekaterina
12.07.;ee;Piine Sabiine
12.08.;lv;Gunārs Vladimirs Gunis
12.08.;lt;Guntilda Gedmintė Vaidginas Zenonas
12.08.;ee;Külli Küllike Külliki Külve Külvi
12.09.;lv;Tabita Sarmīte
12.09.;lt;Valerija Gedenė Vakaris Leokadija Delfina
12.09.;ee;Raid Raido Raidu Raigo Raigo Raik Raiko Rait
12.10.;lv;Guna Judīte
12.10.;lt;Eidimtas Ilma Eularija Loreta
12.10.;ee;Juta Juudit
12.11.;lv;Voldemārs Valdemārs Valdis
12.11.;lt;Dovydas Tautvaldė Artūras Aistis
12.11.;ee;Daaniel Taaniel Taano Tanel Tani Tanno
12.12.;lv;Otīlija Iveta
12.12.;lt;Gilmintas Vaingedė Žaneta Žana Joana Dagmara
12.12.;ee;Aivar Aiver Aivo
12.13.;lv;Lūcija Veldze
12.13.;lt;Kastytis Eiviltė Kastautas Odilija Liucija Otilija
12.13.;ee;Ele Ere Hele Loviise Lucia Luise Viise
12.14.;lv;Auseklis Gaisma
12.14.;lt;Kintvilė Tarvainas Fortunatas Alfredas
12.14.;ee;Eho Hengo Hingo
12.15.;lv;Johanna Hanna Jana
12.15.;lt;Kristijona Gaudenė Ona Nina Kristijonas Justas Gaudenis
12.15.;ee;Kalli Kelli Killu Kulla
12.16.;lv;Alvīne
12.16.;lt;Alina Algina Audronė Vygaudas Adas Albina
12.16.;ee;Aade Aale Adeele Adelheid Aliide Ethel Haide Liide Teele
12.17.;lv;Hilda Teiksma
12.17.;lt;Jolanta Drovydė Mantgailas Olimpija
12.17.;ee;Rahel Raili
12.18.;lv;Kristaps Kristofers Krists Klinta Kristers
12.18.;lt;Gracijus Gracijonas Girdvilas Eivilė
12.18.;ee;Neeme Neemo
12.19.;lv;Lelde Sarmis
12.19.;lt;Darijus Urbonas Gerdvilas Rimantė Rufas
12.19.;ee;Maarius Mairo Mario
12.20.;lv;Arta Minjona
12.20.;lt;Teofilis Gražvilė Daugardas Dominykas
12.20.;ee;Pärja Pärje
12.21.;lv;Toms Tomass Saulcerīte
12.21.;lt;Norgaudė Tomas Girenė
12.21.;ee;Tom Tommi Toom Toomas
12.22.;lv;Saulvedis Saule
12.22.;lt;Ana Aneta Anna Zenonas Dovilė Gedvydas Rimbertas Ksavera
12.22.;ee;Vambo Vambola
12.23.;lv;Viktorija Balva
12.23.;lt;Viktorija Vilbutas Mina Veliuona
12.23.;ee;Eugenia Senna Senni
12.24.;lv;Ādams Ieva
12.24.;lt;Ieva Irmina Girstautas Adomas Minvydė Irma Adelė
12.24.;ee;Aadam Eeva Eevi Eva Eve Eveli Evelin Evi Iivi Ivi Ivika Tammo Tamur
12.25.;lv;Stella Larisa
12.25.;lt;Genė Anastazija Gražvydas Nastė Eugenija Sanrimė
12.25.;ee;Natalie Neida Taale Taali
12.26.;lv;Dainuvīte Gija Megija
12.26.;lt;Gaudvilas Gindvilė Steponas Gaudilė
12.26.;ee;Sten Taban Tahvo Teho Tehvan Tehvo
12.27.;lv;Elmārs Inita Helmārs
12.27.;lt;Gedvinė Dautartas Fabijolė
12.27.;ee;Sula Sulve Sulvi
12.28.;lv;Inga Ivita Irvita Ingeborga
12.28.;lt;Kamilė Ema Vaidilutė Kantvilas Ingeborga Irvita Ivita Inga
12.28.;ee;Piia Piiu
12.29.;lv;Solveiga Ilgona
12.29.;lt;Teofilė Gaja Gentvainas Tomas
12.29.;ee;Merili Merle Merli Mirle
12.30.;lv;Dāvids Dāvis Dāniels Daniela Daniels
12.30.;lt;Irmina Sabina Margarita Sabinas Dovydas Gražvilas
12.30.;ee;Taave Taavet Taavi Taavo Tavo
12.31.;lv;Silvestrs Silvis Kalvis
12.31.;lt;Mingailė Gedgantas Melanija Silvestras
12.31.;ee;Silvar Silver Silvester Silvo
